{
  "admin": {
    "secret_hash": "41e5653fc7aeb894026d6bb7b2db7f65902b454945fa8fd65a6327047b5277fb",
    "keystroke_profile": {
      "fixed_text_length": 10,
      "dwell_time_mean_vector_ms": [
        121.22433333333333,
        124.982,
        108.20716666666667,
        113.05116666666666,
        96.10266666666666,
        122.97783333333334,
        125.52216666666666,
        118.312,
        112.70383333333334,
        114.84100000000001
      ],
      "dwell_time_std_vector_ms": [
        18.0,
        18.0,
        18.0,
        18.0,
        18.0,
        18.0,
        18.0,
        18.0,
        18.0,
        18.0
      ],
      "flight_time_mean_vector_ms": [
        451.5063333333333,
        455.02883333333335,
        500.39633333333336,
        480.8985,
        497.241,
        438.90433333333334,
        493.2783333333333,
        417.96233333333333,
        409.6225
      ],
      "flight_time_std_vector_ms": [
        41.6652831210296,
        80.23354812133692,
        55.883778682985366,
        42.14712434140672,
        60.06611328083968,
        31.2415817763584,
        96.892308607145,
        50.19923300100202,
        84.10338368292126
      ],
      "mean_total_typing_time_ms": 5302.762833333333,
      "std_total_typing_time_ms": 376.3981164225881,
      "mean_within_user_distance": 0.637,
      "acceptance_threshold": 1.8,
      "training_sample_count": 6
    }
  },
  "nasko": {
    "secret_hash": "59bab6c9829517e41e4e65c83ab839a0182b46694fee75bf328b26105c987651",
    "keystroke_profile": {
      "fixed_text_length": 10,
      "dwell_time_mean_vector_ms": [
        103.64150000000001,
        155.60366666666667,
        148.86933333333334,
        102.90433333333333,
        95.8665,
        106.16583333333334,
        100.53116666666666,
        124.45983333333334,
        96.099,
        129.01533333333333
      ],
      "dwell_time_std_vector_ms": [
        18.0,
        20.77977514850009,
        18.0,
        18.0,
        18.0,
        18.0,
        18.0,
        18.0,
        18.0,
        18.0
      ],
      "flight_time_mean_vector_ms": [
        38.70216666666666,
        -87.4665,
        28.622,
        72.20066666666666,
        76.6615,
        90.54033333333334,
        64.94066666666666,
        -6.531666666666666,
        40.892
      ],
      "flight_time_std_vector_ms": [
        21.574731187330134,
        18.0,
        31.02134110576137,
        18.0,
        18.0,
        18.0,
        27.422745344371016,
        20.616777170277825,
        19.616390026369956
      ],
      "mean_total_typing_time_ms": 1481.7175,
      "std_total_typing_time_ms": 95.24141457501567,
      "mean_within_user_distance": 0.539,
      "acceptance_threshold": 1.8,
      "training_sample_count": 6
    }
  },
  "newprofile": {
    "secret_hash": "2b338ae660c3213c352a6fcc3a282809adfaf76b14eca47699ea3d0ba1d9c29c",
    "keystroke_profile": {
      "fixed_text_length": 10,
      "dwell_time_mean_vector_ms": [
        92.70949999999999,
        176.20016666666666,
        129.94766666666666,
        106.46483333333333,
        115.05433333333333,
        98.2625,
        116.79599999999999,
        87.60233333333333,
        99.13383333333333,
        115.86666666666666
      ],
      "dwell_time_std_vector_ms": [
        18.0,
        18.0,
        18.0,
        18.0,
        18.0,
        18.0,
        18.0,
        18.0,
        18.0,
        18.0
      ],
      "flight_time_mean_vector_ms": [
        30.871666666666666,
        -106.3545,
        20.0365,
        39.92616666666667,
        7.955166666666667,
        76.23949999999999,
        -16.466666666666665,
        97.92766666666667,
        53.564166666666665
      ],
      "flight_time_std_vector_ms": [
        18.0,
        18.0,
        18.0,
        18.0,
        21.328409000022063,
        41.023975334552844,
        18.0,
        18.0,
        18.0
      ],
      "mean_total_typing_time_ms": 1341.7381666666665,
      "std_total_typing_time_ms": 77.31469882546409,
      "mean_within_user_distance": 0.496,
      "acceptance_threshold": 1.8,
      "training_sample_count": 6
    }
  }
}